{"val_loss": [1.3141791820526123, 1.4566779136657715, 1.6437618732452393, 0.8654335737228394, 0.7071419358253479, 0.7067539691925049, 0.7631945013999939, 0.7272630929946899, 0.6749894618988037, 0.702235996723175, 0.6865546107292175, 0.6826540231704712, 0.718634307384491, 0.7752485871315002, 0.7090837955474854], "val_dice_coef": [0.13178953528404236, 0.20099963247776031, 0.22196665406227112, 0.4716811180114746, 0.523250162601471, 0.5235694050788879, 0.5107907056808472, 0.5367835164070129, 0.5446442365646362, 0.5390612483024597, 0.5457348227500916, 0.5310654044151306, 0.5167973637580872, 0.4964137375354767, 0.5300399661064148], "loss": [1.099448358108851, 0.870105419993831, 0.8347766627473522, 0.8187027061458959, 0.8023872840275403, 0.7952051328407729, 0.7904568312400515, 0.7830587354377719, 0.7743463550664027, 0.7705192527185709, 0.7621874269165287, 0.7554782082457835, 0.7495522987541309, 0.7397777266020379, 0.7344070722480113], "dice_coef": [